<?xml version="1.0" encoding="UTF-8"?>

<hibernate-configuration>
    <session-factory>

        <!-- Database connection settings -->
        <property name="hibernate.connection.driver_class">com.mysql.cj.jdbc.Driver</property>
        <property name="hibernate.connection.url">jdbc:mysql://localhost:3306/bookstore</property>
        <property name="hibernate.connection.username">root</property>
        <property name="hibernate.connection.password">kayal</property>

        <!-- JDBC connection pool settings -->
        <property name="hibernate.c3p0.min_size">5</property>
        <property name="hibernate.c3p0.max_size">20</property>
        <property name="hibernate.c3p0.timeout">300</property>
        <property name="hibernate.c3p0.max_statements">50</property>
        <property name="hibernate.c3p0.idle_test_period">3000</property>

        <!-- Hibernate properties -->
        <property name="hibernate.dialect">org.hibernate.dialect.MySQL8Dialect</property>
        <property name="hibernate.show_sql">false</property>
        <property name="hibernate.format_sql">true</property>
        <property name="hibernate.hbm2ddl.auto">update</property>

        <!-- Entity class mapping -->
		<mapping class="com.bookstore.model.Book"/>
		<mapping class="com.bookstore.model.Order"/>
		<mapping class="com.bookstore.model.Cart"/>



    </session-factory>
</hibernate-configuration>
